07706334.jpg,17
07688688.jpg,17
07699685.jpg,17
07641698.jpg,17
07698940.jpg,17
07702747.jpg,17
07643823.jpg,17
07666096.jpg,17
07641846.jpg,17
07646876.jpg,17
07597807.jpg,17
07666206.jpg,17
07623358.jpg,17
07699424.jpg,17
07592370.jpg,17
07706949.jpg,17
07641757.jpg,17
07665970.jpg,17
07705534.jpg,17
07675833.jpg,17
07697727.jpg,0
07707528.jpg,0
07675596.jpg,0
07707134.jpg,0
07675861.jpg,0
07675906.jpg,0
07706916.jpg,0
07637941.jpg,0
07699834.jpg,0
07683236.jpg,0
07674481.jpg,0
07675110.jpg,0
07699061.jpg,0
07706927.jpg,0
07692713.jpg,0
07703141.jpg,0
07707763.jpg,0
07602857.jpg,0
07638094.jpg,0
07698553.jpg,0
07706941.jpg,0
07675250.jpg,0
07698679.jpg,0
07707036.jpg,0
07698624.jpg,0
07700745.jpg,0
07681202.jpg,0
07693399.jpg,0
07614863.jpg,0
07599217.jpg,0
07693389.jpg,0
07665121.jpg,0
07674980.jpg,0
07614910.jpg,0
07674636.jpg,0
07700473.jpg,0
07638949.jpg,0
07698725.jpg,0
07683532.jpg,0
07692754.jpg,0
07674268.jpg,0
07675841.jpg,0
07702658.jpg,0
07646115.jpg,0
07684611.jpg,0
07699089.jpg,0
07623711.jpg,0
07575215.jpg,0
07706277.jpg,0
07707383.jpg,0
07682939.jpg,0
07706517.jpg,0
07603619.jpg,0
07698087.jpg,0
07583464.jpg,0
07682916.jpg,0
07675631.jpg,0
07706621.jpg,0
07675518.jpg,0
07585229.jpg,0
07623527.jpg,0
07692265.jpg,0
07646117.jpg,0
07666195.jpg,0
07638227.jpg,0
07673807.jpg,0
07599355.jpg,0
07706569.jpg,0
07673288.jpg,0
07690102.jpg,0
07603482.jpg,0
07645532.jpg,0
07674057.jpg,0
07603506.jpg,0
07596427.jpg,0
07576960.jpg,0
07700145.jpg,0
07700680.jpg,0
07675554.jpg,0
07691426.jpg,0
07707126.jpg,0
07697032.jpg,0
07599326.jpg,0
07675523.jpg,0
07597828.jpg,0
07647374.jpg,0
07645585.jpg,0
07693667.jpg,0
07693514.jpg,0
07643389.jpg,0
07702495.jpg,0
07591792.jpg,0
07666174.jpg,0
07709563.jpg,0
07675238.jpg,0
07666097.jpg,0
07698787.jpg,0
07701004.jpg,0
07638092.jpg,0
07592313.jpg,0
07707087.jpg,0
07599435.jpg,0
07699254.jpg,0
07585325.jpg,0
07641657.jpg,0
07629240.jpg,0
07693428.jpg,0
07603791.jpg,0
07674674.jpg,0
07705998.jpg,0
07665968.jpg,0
07641704.jpg,0
07675729.jpg,0
07704904.jpg,0
07693826.jpg,0
07706951.jpg,0
07682952.jpg,0
07702556.jpg,0
07692924.jpg,0
07692718.jpg,0
07630310.jpg,0
07645739.jpg,0
07638264.jpg,0
07637907.jpg,0
07643202.jpg,0
07643233.jpg,0
07602229.jpg,0
07707487.jpg,0
07698677.jpg,0
07703169.jpg,0
07697279.jpg,0
07638351.jpg,0
07675528.jpg,0
07596292.jpg,0
07705769.jpg,0
07673369.jpg,0
07705337.jpg,0
07645733.jpg,0
07599410.jpg,0
07702972.jpg,0
07702944.jpg,0
07682549.jpg,0
07609663.jpg,0
07675838.jpg,0
07688683.jpg,0
07693939.jpg,0
07693420.jpg,0
07693177.jpg,0
07698194.jpg,0
07642752.jpg,0
07678545.jpg,0
07638330.jpg,0
07702123.jpg,0
07677981.jpg,0
07673561.jpg,0
07704618.jpg,0
07675249.jpg,0
07603326.jpg,0
07692925.jpg,0
07629354.jpg,0
07674833.jpg,0
07703038.jpg,0
07693589.jpg,0
07677243.jpg,0
07705755.jpg,0
07573935.jpg,0
07678534.jpg,0
07643577.jpg,0
07675420.jpg,0
07609960.jpg,0
07699356.jpg,0
07678535.jpg,0
07645856.jpg,0
07702910.jpg,0
07692440.jpg,0
07705989.jpg,0
07700574.jpg,0
07675745.jpg,0
07698781.jpg,0
07623359.jpg,0
07707016.jpg,0
07696861.jpg,0
07705504.jpg,0
07690149.jpg,0
07583461.jpg,0
07623362.jpg,0
07703028.jpg,0
07705760.jpg,0
07693513.jpg,0
07585356.jpg,0
07666379.jpg,0
07675703.jpg,0
07706134.jpg,0
07695245.jpg,0
07691813.jpg,0
07698668.jpg,0
07691641.jpg,0
07585515.jpg,0
07599250.jpg,0
07700576.jpg,0
07681428.jpg,0
07643641.jpg,0
07706045.jpg,0
07675106.jpg,0
07674488.jpg,0
07707127.jpg,0
07674667.jpg,0
07707402.jpg,0
07666187.jpg,0
07703041.jpg,0
07637870.jpg,0
07707012.jpg,0
07638939.jpg,0
07701595.jpg,0
07706251.jpg,0
07675251.jpg,0
07707128.jpg,0
07576809.jpg,0
07703140.jpg,0
07691506.jpg,0
07646891.jpg,0
07707434.jpg,0
07675051.jpg,0
07630316.jpg,0
07666534.jpg,0
07665603.jpg,0
07675692.jpg,0
07682627.jpg,0
07675882.jpg,0
07691775.jpg,0
07675886.jpg,0
07643659.jpg,0
07643527.jpg,0
07700405.jpg,0
07700445.jpg,0
07706592.jpg,0
07705883.jpg,0
07643642.jpg,0
07682738.jpg,0
07689573.jpg,0
07592302.jpg,0
07665218.jpg,0
07643654.jpg,0
07703194.jpg,0
07691631.jpg,0
07675552.jpg,0
07682624.jpg,0
07685731.jpg,0
07707140.jpg,0
07596603.jpg,0
07700255.jpg,0
07702978.jpg,0
07675847.jpg,0
07698455.jpg,0
07599578.jpg,0
07646113.jpg,0
07597855.jpg,0
07674491.jpg,0
07698631.jpg,0
07576806.jpg,0
07700000.jpg,0
07599345.jpg,0
07709785.jpg,0
07675581.jpg,0
07602024.jpg,0
07641660.jpg,0
07675266.jpg,0
07666001.jpg,0
07645581.jpg,0
07706349.jpg,0
07614886.jpg,0
07691503.jpg,0
07638519.jpg,0
07697121.jpg,0
07705583.jpg,0
07683101.jpg,0
07700711.jpg,0
07693681.jpg,0
07665615.jpg,0
07700201.jpg,0
07647985.jpg,0
07607823.jpg,0
07674716.jpg,0
07703694.jpg,0
07675549.jpg,0
07654403.jpg,0
07681943.jpg,0
07666151.jpg,0
07682953.jpg,0
07699370.jpg,0
07602329.jpg,0
07603418.jpg,0
07646109.jpg,0
07695478.jpg,0
07702948.jpg,0
